t,lat,lon,alt
0.0,-51.5360195,-17.735229,5090.334765308199
1.0,-51.535000188668825,-17.733413200738525,5090.334765308199
2.0,-51.533442372992624,-17.731612632202935,5090.35222749647
3.0,-51.53086139906089,-17.72984100204653,5090.402867842453
4.0,-51.52735958269917,-17.72809541643139,5090.483368530378
5.0,-51.52302900815046,-17.726373270903387,5090.5907435260515
6.0,-51.51795255123346,-17.72467222145381,5090.722305398697
7.0,-51.51220480018501,-17.72299015847482,5090.875635460619
8.0,-51.50585288441824,-17.721325183319347,5091.048556892889
9.0,-51.49895722040499,-17.71967558720505,5091.239110558472
10.0,-51.491572182969904,-17.718039832227806,5091.445533234038
11.0,-51.48374670945517,-17.71641653427391,5091.666238018586
12.0,-51.47552484346875,-17.71480444764103,5091.899796701221
13.0,-51.46694622425781,-17.71320245119706,5092.144923892132
14.0,-51.45804652714481,-17.71160953592311,5092.400462740493
15.0,-51.44885785991995,-17.710024793702182,5092.665372080558
16.0,-51.439409119594416,-17.70844740722897,5092.938714863157
17.0,-51.42972631347828,-17.706876640928705,5093.219647744036
18.0,-51.41983284815059,-17.70531183278409,5093.507411713367
19.0,-51.40974978953252,-17.703752386979563,5093.801323662306
20.0,-51.399496096953094,-17.70219776728111,5094.10076879289
21.0,-51.38908883380845,-17.70064749107813,5094.405193786957
22.0,-51.37854335715512,-17.69910112402107,5094.714100658158
23.0,-51.36787348834395,-17.69755827519534,5095.027041218778
24.0,-51.35709166659075,-17.69601859277781,5095.343612099877
25.0,-51.346209087189706,-17.69448176012766,5095.663450269407
26.0,-51.335235825905606,-17.692947492268143,5095.986228998523
27.0,-51.32418095092676,-17.691415532720203,5096.311654231268
28.0,-51.31305262362264,-17.689885650652684,5096.63946131728
29.0,-51.30185818922577,-17.68835763831754,5096.969412071229
30.0,-51.30185818922577,-17.68835763831754,5096.969412071229
31.0,-51.30083887789459,-17.686541839056066,5096.969412071229
32.0,-51.29865519634378,-17.684860363506164,5096.482155129332
33.0,-51.294259211375675,-17.683434103008253,5095.0691099978285
34.0,-51.287872153332,-17.682237536057134,5092.8228554956795
35.0,-51.27969312952032,-17.681247693298126,5089.82671255995
36.0,-51.26990133651743,-17.680443902312017,5086.155670033998
37.0,-51.25865805124245,-17.67980755792152,5081.877217876845
38.0,-51.24610842292259,-17.679321915467074,5077.052097051612
39.0,-51.23238308586234,-17.678971904755073,5071.734974425107
40.0,-51.217599610935736,-17.67874396261127,5065.975050177456
41.0,-51.201863811929414,-17.67862588217885,5059.816604470775
42.0,-51.185270921251345,-17.67860667728667,5053.299489450967
43.0,-51.16790664806871,-17.678676460380707,5046.459572049343
44.0,-51.14984813063196,-17.67882633266234,5039.329132504086
45.0,-51.1311647933665,-17.679048285212808,5031.937223029559
46.0,-51.111919118255216,-17.67933511000523,5024.30999061869
47.0,-51.09216733908268,-17.67968031981541,5016.470967565111
48.0,-51.071960066255016,-17.680078076141573,5008.4413329330955
49.0,-51.05134284913775,-17.68052312433212,5000.240147880485
50.0,-51.03035668215983,-17.68101073520061,4991.8845674493405
51.0,-51.009038460307316,-17.68153665247925,4983.390031177514
52.0,-50.987421389067684,-17.682097045527026,4974.770434649075
53.0,-50.965535353379636,-17.682688466767026,4966.038283889684
54.0,-50.943407249688015,-17.683307813380026,4957.204834322437
55.0,-50.921061284793176,-17.683952292828724,4948.280215828119
56.0,-50.898519244815446,-17.684619391829553,4939.2735452994375
57.0,-50.87580073726311,-17.6853068484273,4930.1930279398275
58.0,-50.85292340889363,-17.68601262686227,4921.046048432384
59.0,-50.82990314178872,-17.686734894950742,4911.839252991888
60.0,-50.80675422982192,-17.68747200372737,4902.578623211647
61.0,-50.783489537479426,-17.688222469123332,4893.269542525633
62.0,-50.783489537479426,-17.688222469123332,4893.269542525633
63.0,-50.78247022614825,-17.686406669861856,4893.269542525633
64.0,-50.781150241715224,-17.68475075790823,4893.229388993061
65.0,-50.77925897838869,-17.683398631839513,4893.112943748598
66.0,-50.776853564057994,-17.682319913067214,4892.927835963434
67.0,-50.77398541382355,-17.681487260861694,4892.680931891639
68.0,-50.770700801275744,-17.68087606856627,4892.378411161878
69.0,-50.767041372645906,-17.680464190189937,4892.025835439945
70.0,-50.763044609542234,-17.680231694340783,4891.628210225058
71.0,-50.75874424541212,-17.680160642766094,4891.190040466514
72.0,-50.754170640358204,-17.680234891038417,4890.715380618676
73.0,-50.749351118472866,-17.680439909173057,4890.207879690476
74.0,-50.74431027143925,-17.680762620183778,4889.670821789949
75.0,-50.73907023177218,-17.681191254782973,4889.107162614327
76.0,-50.73365091873501,-17.681715220611796,4888.519562291121
77.0,-50.72807025966474,-17.682324984547286,4887.910414935088
78.0,-50.72234438916468,-17.68301196677877,4887.281875249511
79.0,-50.71648782837782,-17.683768445476655,4886.635882467345
80.0,-50.710513646332835,-17.6845874709943,4885.974181898249
81.0,-50.70443360515553,-17.685462788649723,4885.298344320915
82.0,-50.69825829075914,-17.686388769229154,4884.609783436168
83.0,-50.69199723046558,-17.687360346440187,4883.909771574748
84.0,-50.68565899886457,-17.688372960619663,4883.199453834324
85.0,-50.67925131308684,-17.689422508070738,4882.479860802795
86.0,-50.67278111855007,-17.690505295466252,4881.751920009272
87.0,-50.666254666130165,-17.691617998811765,4881.016466229954
88.0,-50.65967758161544,-17.69275762651227,4880.274250763421
89.0,-50.653054928215376,-17.693921486132275,4879.525949778394
90.0,-50.646391262818504,-17.695107154479825,4878.772171826723
91.0,-50.639690686624505,-17.696312450682164,4878.013464605072
92.0,-50.632956890713096,-17.69753541195382,4877.250321040439
93.0,-50.62619319705601,-17.698774271787855,4876.483184767123
94.0,-50.61940259542782,-17.700027440328032,4875.712455055992
95.0,-50.61258777662564,-17.70129348670374,4874.938491250827
96.0,-50.605751162366865,-17.702571123131424,4874.16161676103
97.0,-50.598894932197155,-17.703859190605886,4873.382122655067
98.0,-50.592021047707604,-17.70515664602245,4872.600270894553
99.0,-50.585131274330195,-17.706462550586902,4871.816297244944
100.0,-50.57822720095371,-17.707776059384457,4871.030413895148
101.0,-50.57131025757806,-17.709096411991805,4870.242811815185
102.0,-50.56438173120317,-17.710422924027963,4869.453662878072
103.0,-50.55744278012895,-17.71175497955005,4868.663121769522
104.0,-50.55049444682534,-17.713092024209477,4867.871327706681
105.0,-50.54353766951528,-17.71443355909251,4867.078405984977
106.0,-50.536573292599414,-17.715779135176785,4866.284469370296
107.0,-50.52960207603832,-17.71712834834218,4865.489619351936
108.0,-50.522624703796524,-17.71848083488058,4864.693947270265
109.0,-50.51564179144209,-17.71983626745469,4863.897535331615
110.0,-50.50865389298629,-17.721194351460934,4863.100457521682
111.0,-50.50166150703925,-17.722554821756102,4862.302780427596
112.0,-50.49466508235011,-17.7239174397113,4861.504563977771
113.0,-50.49466508235011,-17.7239174397113,4861.504563977771
114.0,-50.49364577101893,-17.722101640449825,4861.504563977771
115.0,-50.490841915331856,-17.720314777043754,4861.41457507001
116.0,-50.48464742536858,-17.718582891762942,4861.153607237502
117.0,-50.47540136455672,-17.716900486794867,4860.738758372723
118.0,-50.46340888998113,-17.715262614108255,4860.185416578899
119.0,-50.44894464301819,-17.71366482047496,4859.507431148934
120.0,-50.432255800906624,-17.71210309798965,4858.717266446444
121.0,-50.41356482316131,-17.710573839537528,4857.82614039868
122.0,-50.393071923345616,-17.70907379871527,4856.84414914017
123.0,-50.37095729366658,-17.707600053759894,4855.780379191989
124.0,-50.34738310711053,-17.70614997508471,4854.643008423102
125.0,-50.322495319365174,-17.7047211960617,4853.439396915583
126.0,-50.29642529054944,-17.703311586725647,4852.176168743293
127.0,-50.26929124477037,-17.701919230107855,4850.859285572709
128.0,-50.241199583724296,-17.700542400936495,4849.494112903661
129.0,-50.212246068937915,-17.699179546466926,4848.085479685995
130.0,-50.18251688578526,-17.69782926922897,4846.637731974573
131.0,-50.152089601102965,-17.696490311499463,4845.154781218772
132.0,-50.12103402504398,-17.695161541327565,4843.640147723027
133.0,-50.089412986745984,-17.693841939957508,4842.096999761335
134.0,-50.05728303243288,-17.692530590509115,4840.5281887802885
135.0,-50.02469505370617,-17.691226667790215,4838.936281081825
136.0,-49.99169485300722,-17.689929429127858,4837.323586337685
137.0,-49.95832365253325,-17.688638206116394,4835.692183252437
138.0,-49.92461855226177,-17.687352397190732,4834.043942660191
139.0,-49.890612942172524,-17.68607146094229,4832.380548311647
140.0,-49.856336873247294,-17.68479491010335,4830.703515582434
141.0,-49.82181739136967,-17.683522306132957,4829.014208310621
142.0,-49.7870788378349,-17.682253254344257,4827.313853950466
143.0,-49.75214311980869,-17.680987399519083,4825.603557210805
144.0,-49.717029953740195,-17.67972442196108,4823.8843123295865
145.0,-49.681757084433634,-17.678464033943534,4822.157014120968
146.0,-49.646340482212814,-17.677205976512397,4820.422467917688
147.0,-49.61079452036917,-17.67595001660903,4818.681398519214
148.0,-49.57513213486497,-17.674695944480654,4816.934458245065
149.0,-49.53936496806629,-17.67344357134977,4815.182234182807
150.0,-49.50350349810256,-17.67219272731663,4813.425254711254
151.0,-49.50350349810256,-17.67219272731663,4813.425254711254
152.0,-49.50248418677138,-17.670376928055155,4813.425254711254
153.0,-49.50129932883696,-17.669180668156468,4813.5870835124415
154.0,-49.498832938671804,-17.66932759648925,4814.0813327409105
155.0,-49.494246175814446,-17.67084945767253,4814.899706058956
156.0,-49.48775107753411,-17.67360875842126,4816.0097910576205
157.0,-49.47953847737308,-17.677481754778892,4817.382416568842
158.0,-49.46978012551944,-17.682357077184534,4818.991328541365
159.0,-49.458630597142445,-17.688134493033388,4820.81289832906
160.0,-49.44622900989443,-17.694723792981133,4822.8258601504085
161.0,-49.4327005696625,-17.70204378861788,4825.011074802046
162.0,-49.418157961745045,-17.710021410374726,4827.351317000943
163.0,-49.402702602910615,-17.718590895639664,4829.831083992374
164.0,-49.38642576825091,-17.727693058061885,4832.436423297086
165.0,-49.36940960534845,-17.737274629925658,4835.154777683749
166.0,-49.35172804702752,-17.74728767028683,4837.97484564417
167.0,-49.333447632829966,-17.757689032295662,4840.886455820973
168.0,-49.314628248343446,-17.768439883787387,4843.880453992519
169.0,-49.29532379059686,-17.779505275813715,4846.948601359334
170.0,-49.275582766916216,-17.790853754321187,4850.083483001891
171.0,-49.25544883389492,-17.802457010661687,4853.278425492616
172.0,-49.234961282467026,-17.81428956705191,4856.5274227466925
173.0,-49.21415547447321,-17.82632849348689,4859.825069287785
174.0,-49.19306323557005,-17.83855315296215,4863.166500187192
175.0,-49.171713208848495,-17.850944972173654,4866.547337009081
176.0,-49.15013117309037,-17.863487235147787,4869.963639161206
177.0,-49.12834032919935,-17.876164897508282,4873.411860110541
178.0,-49.106361557988706,-17.888964419316505,4876.888807977366
179.0,-49.08421365219041,-17.90187361462768,4880.3916100699325
180.0,-49.06191352526322,-17.914881516091512,4883.917680965666
181.0,-49.03947639932004,-17.92797825309274,4887.46469378425
182.0,-49.016915974262446,-17.941154942077617,4891.030554333399
183.0,-49.016915974262446,-17.941154942077617,4891.030554333399
184.0,-49.01589666293127,-17.93933914281614,4891.030554333399
185.0,-49.014456671061595,-17.9376064536609,4891.046404275284
186.0,-49.012217386168786,-17.936031673707507,4891.092369106749
187.0,-49.00925873755515,-17.934599012035775,4891.165437338837
188.0,-49.00565266159278,-17.93329425681754,4891.262898631487
189.0,-49.00146390101653,-17.93210461740745,4891.38231367864
190.0,-48.9967507242878,-17.93101858222469,4891.521487104847
191.0,-48.99156557302184,-17.93002579084653,4891.678443072204
192.0,-48.985955644672366,-17.929116918892504,4891.851403326594
193.0,-48.97996341694774,-17.928283574420206,4892.038767439315
194.0,-48.97362711978547,-17.92751820468146,4892.239095024533
195.0,-48.96698116012932,-17.926814012202907,4892.451089734998
196.0,-48.96005650422868,-17.926164879258533,4892.673584858187
197.0,-48.952881021708,-17.92556529989492,4892.905530352826
198.0,-48.94547979522928,-17.92501031875399,4893.14598118177
199.0,-48.93787539918833,-17.924495476013476,4893.39408681159
200.0,-48.930088150541366,-17.924016757833336,4893.649081762196
201.0,-48.922136334548995,-17.923570551757532,4893.910277101511
202.0,-48.91403640794575,-17.923153606575628,4894.177052790666
203.0,-48.90580318179273,-17.922762996198237,4894.448850794673
204.0,-48.897449986044904,-17.922396087144907,4894.725168882049
205.0,-48.888988817661755,-17.922050509283235,4895.005555044457
206.0,-48.88043047390681,-17.92172412949405,4895.289602474394
207.0,-48.87178467231726,-17.921415027970106,4895.576945045106
208.0,-48.86306015867656,-17.921121476884878,4895.867253242517
209.0,-48.854264804189825,-17.920841921194494,4896.160230503956
210.0,-48.845405692941654,-17.92057496135947,4896.45560992302
211.0,-48.83648920060819,-17.92031933779427,4896.753151283948
212.0,-48.82752106529797,-17.920073916871914,4897.052638392552
213.0,-48.81850645130867,-17.919837678328115,4897.353876674065
214.0,-48.80945000650819,-17.91960970392502,4897.656691011196
215.0,-48.800355913977654,-17.919389167248553,4897.960923798383
216.0,-48.79122793849007,-17.91917532452606,4898.266433190622
217.0,-48.782069468341135,-17.918967506362133,4898.573091527405
218.0,-48.77288355299699,-17.918765110300924,4898.880783914281
219.0,-48.76367293697715,-17.918567594132156,4899.189406946238
220.0,-48.75444009034919,-17.91837446986659,4899.498867558768
221.0,-48.745187236173926,-17.918185298313897,4899.809081993814
222.0,-48.73591637520608,-17.917999684202798,4900.119974869126
223.0,-48.72662930812491,-17.917817271789133,4900.431478340676
224.0,-48.71732765554175,-17.917637740903157,4900.74353134884
225.0,-48.708012876006805,-17.9174608033921,4901.056078939958
226.0,-48.69868628221525,-17.91728619991847,4901.369071655733
227.0,-48.68934905559274,-17.917113697078523,4901.6824649837
228.0,-48.68000225942238,-17.916943084808896,4901.99621886264
229.0,-48.67064685065895,-17.916774174052552,4902.3102972374545
230.0,-48.66128369056175,-17.916606794658165,4902.624667658558
231.0,-48.65191355426417,-17.91644079348954,4902.93930092132
232.0,-48.64253713938624,-17.9162760327241,4903.254170741575
233.0,-48.633155073786,-17.916112388321523,4903.569253463575
234.0,-48.62376792253568,-17.915949748645527,4903.884527797143
235.0,-48.614376194200275,-17.91578801322345,4904.1999745811245
236.0,-48.614376194200275,-17.91578801322345,4904.1999745811245
237.0,-48.6133568828691,-17.913972213961976,4904.1999745811245
238.0,-48.611847572365804,-17.91222870416695,4904.2120573277225
239.0,-48.60940726343548,-17.910622544358173,4904.247097292856
240.0,-48.60612905592083,-17.909139999537025,4904.302798754672
241.0,-48.60209673968029,-17.90776870820474,4904.377095563502
242.0,-48.59738572558645,-17.906497545012428,4904.468128184643
243.0,-48.59206388342463,-17.9053164971461,4904.574223036867
244.0,-48.586192296001634,-17.90421655307315,4904.693873897064
245.0,-48.57982593784358,-17.903189602414248,4904.825725164436
246.0,-48.57301428602398,-17.902228345827982,4904.968556798267
247.0,-48.565801869908974,-17.90132621390709,4905.121270761911
248.0,-48.55822876592811,-17.900477294185038,4905.282878822385
249.0,-48.55033104286798,-17.899676265441936,4905.452491570008
250.0,-48.542141162636504,-17.898918338579893,4905.629308536063
251.0,-48.53368834095082,-17.898199203410805,4905.812609298709
252.0,-48.52499887195634,-17.897514980765372,4906.001745478285
253.0,-48.51609642038396,-17.89686217939123,4906.1961335331
254.0,-48.507002284491456,-17.896237657161254,4906.395248275628
255.0,-48.49773563271084,-17.895638586161024,4906.5986170371
256.0,-48.488313716630934,-17.895062421267564,4906.805814415619
257.0,-48.47875206268166,-17.8945068718702,4907.016457549483
258.0,-48.469064644649954,-17.89396987641932,4907.230201863154
259.0,-48.45926403894406,-17.893449579520276,4907.446737238655
260.0,-48.449361564331404,-17.892944311317883,4907.665784569802
261.0,-48.439367407702655,-17.892452568942478,4907.887092661029
262.0,-48.42929073725942,-17.89197299981136,4908.110435436328
263.0,-48.41913980438316,-17.891504386600108,4908.335609427294
264.0,-48.40892203531716,-17.891045633716725,4908.562431512358
265.0,-48.398644113680405,-17.89059575512843,4908.790736882112
266.0,-48.388312054729965,-17.890153863405715,4909.020377208086
267.0,-48.377931272197216,-17.889719159862018,4909.251218994657
268.0,-48.36750663844038,-17.88929092567944,4909.483142095768
269.0,-48.35704253858187,-17.888868513921867,4909.716038379963
270.0,-48.34654291923186,-17.8884513423468,4909.949810528933
271.0,-48.33601133233949,-17.888038886935988,4910.184370956203
272.0,-48.325450974659,-17.887630676073005,4910.41964083394
273.0,-48.314864723269196,-17.88722628530307,4910.6555492171
274.0,-48.304255167541015,-17.886825332616873,4910.892032255139
275.0,-48.293624637908295,-17.886427474206048,4911.12903248257
276.0,-48.28297523176149,-17.886032400643053,4911.366498180453
277.0,-48.27230883675201,-17.885639833443104,4911.604382801744
278.0,-48.26162715176612,-17.8852495219699,4911.842644454101
279.0,-48.25093170580146,-17.884861240650764,4912.081245434418
280.0,-48.240223874955916,-17.88447478647029,4912.320151809898
281.0,-48.22950489771756,-17.88408997671461,4912.559333041026
282.0,-48.21877588872569,-17.883706646941246,4912.798761642236
283.0,-48.208037851155645,-17.88332464915197,4913.038412876521
284.0,-48.197291687865246,-17.88294385014837,4913.278264480574
285.0,-48.18653821142653,-17.882564130051875,4913.518296417416
286.0,-48.175778153154326,-17.88218538097178,4913.75849065377
287.0,-48.165012171231986,-17.881807505806442,4913.998830959685
288.0,-48.15424085802452,-17.88143041716439,4914.239302728202
289.0,-48.14346474666045,-17.881054036393287,4914.479892813064
290.0,-48.13268431695543,-17.880678292706044,4914.720589382635
291.0,-48.12190000074355,-17.880303122394274,4914.961381788445
292.0,-48.111112186675506,-17.87992846812043,4915.202260446869
293.0,-48.100321224536906,-17.879554278280718,4915.443216732647
294.0,-48.089527429134804,-17.879180506431727,4915.684242883041
295.0,-48.07873108379556,-17.878807110774382,4915.925331911592
296.0,-48.06793244351288,-17.87843405368952,4916.166477530484
297.0,-48.057131737781106,-17.878061301319892,4916.407674080682
298.0,-48.04632917314516,-17.877688823193974,4916.648916469056
299.0,-48.035524935495445,-17.877316591887396,4916.890200111787
300.0,-48.02471919213335,-17.876944582718227,4917.131520883441
301.0,-48.0139120936301,-17.876572773472724,4917.372875071126
302.0,-48.00310377549981,-17.876201144158518,4917.614259333237
303.0,-47.992294359705205,-17.87582967678248,4917.855670662333
304.0,-47.981483956012696,-17.875458355150794,4918.097106351714
305.0,-47.97067266321209,-17.875087164689027,4918.338563965353
306.0,-47.95986057021418,-17.874716092280185,4918.580041310824
307.0,-47.949047757038684,-17.874345126118975,4918.821536414944
308.0,-47.9382342957034,-17.873974255580634,4919.063047501846
309.0,-47.927420251024316,-17.873603471102875,4919.304572973254
310.0,-47.927420251024316,-17.873603471102875,4919.304572973254
311.0,-47.92640093969314,-17.8717876718414,4919.304572973254
312.0,-47.925080715463096,-17.87016255233311,4919.292798203652
313.0,-47.9231887567252,-17.868899724355874,4919.258651371808
314.0,-47.92078223693024,-17.867962958756582,4919.2043696839455
315.0,-47.91791261218393,-17.867319649297443,4919.131966625666
316.0,-47.9146261929814,-17.866940450364442,4919.043254334011
317.0,-47.910964658768265,-17.866798950904965,4918.939863732319
318.0,-47.90696552104559,-17.866871380971656,4918.823262651594
319.0,-47.902662540164336,-17.8671363476119,4918.694772139737
320.0,-47.89808610044035,-17.867574597168343,4918.555581139864
321.0,-47.89326354775791,-17.868168801349363,4918.406759700774
322.0,-47.88821949341286,-17.868903364692503,4918.249270866391
323.0,-47.882976087571464,-17.869764251281556,4918.083981376244
324.0,-47.877553265383355,-17.870738828791925,4917.911671295908
325.0,-47.8719689684832,-17.87181572813148,4917.733042684403
326.0,-47.86623934434221,-17.8729847171173,4917.548727394845
327.0,-47.86037892568447,-17.874236586784765,4917.359294095039
328.0,-47.85440079196165,-17.875563049065704,4917.165254586012
329.0,-47.84831671468026,-17.876956644698772,4916.9670694886845
330.0,-47.842137288196156,-17.878410660348756,4916.765153361887
331.0,-47.83587204742961,-17.879919054013964,4916.5598793085655
332.0,-47.82952957380887,-17.881476387892874,4916.351583121374
333.0,-47.82311759061935,-17.883077767964117,4916.140567013698
334.0,-47.81664304881792,-17.884718789608456,4915.927102977586
335.0,-47.81011220426579,-17.886395488668587,4915.711435805883
336.0,-47.80353068723802,-17.888104297402926,4915.4937858121475
337.0,-47.79690356498217,-17.889842004844052,4915.274351278583
338.0,-47.79023539802106,-17.89160572112129,4915.053310659171
339.0,-47.783530290825205,-17.893392845351027,4914.830824562498
340.0,-47.77679193741808,-17.895201036738012,4914.60703753629
341.0,-47.77002366242082,-17.897028188566523,4914.382079673498
342.0,-47.763228457992426,-17.898872404792403,4914.156068057783
343.0,-47.756409017076024,-17.90073197897592,4913.929108064437
344.0,-47.74956776332041,-17.902605375321308,4913.701294531222
345.0,-47.7427068780095,-17.904491211612378,4913.472712812125
346.0,-47.73582832429883,-17.906388243854565,4913.243439725736
347.0,-47.728933869028374,-17.908295352452757,4913.013544408782
348.0,-47.72202510235411,-17.910211529771352,4912.783089084321
349.0,-47.71510345541642,-17.91213586893831,4912.552129753102
350.0,-47.70817021624165,-17.914067553768795,4912.320716815803
351.0,-47.7012265440535,-17.916005849696454,4912.088895633031
352.0,-47.694273482153314,-17.91795009561157,4911.856707029333
353.0,-47.687311969512294,-17.919899696515397,4911.624187746802
354.0,-47.68034285120452,-17.921854116909063,4911.391370853321
355.0,-47.673366887796675,-17.923812874843588,4911.158286109984
356.0,-47.66638476379876,-17.92577553656488,4910.924960301779
357.0,-47.65939709526979,-17.927741711694267,4910.691417535191
358.0,-47.65240443666286,-17.929711048890937,4910.457679506059
359.0,-47.64540728698577,-17.931683231948163,4910.223765740638
360.0,-47.63840609534554,-17.93365797627989,4909.989693812556
361.0,-47.63140126593848,-17.935635025758668,4909.755479538078
362.0,-47.62439316254127,-17.93761414986979,4909.521137151846
363.0,-47.61738211255293,-17.939595141150022,4909.286679465034
364.0,-47.61036841063257,-17.941577812882453,4909.0521180077
365.0,-47.60335232197339,-17.943561997021863,4908.817463156896
366.0,-47.59633408524928,-17.945547542327557,4908.58272425197
367.0,-47.58931391526673,-17.947534312682905,4908.347909698333
368.0,-47.58229200535158,-17.94952218558294,4908.113027060857
369.0,-47.575268529497095,-17.951511050773192,4907.878083147925
370.0,-47.568243644297205,-17.953500809024643,4907.643084087084
371.0,-47.561217490686445,-17.955491371031172,4907.408035393124
372.0,-47.55419019550592,-17.95748265641727,4907.172942029357
373.0,-47.54716187291258,-17.95947459284498,4906.937808462764
374.0,-47.54013262564773,-17.96146711521014,4906.7026387136275
375.0,-47.53310254617851,-17.963460164919013,4906.467436400201
376.0,-47.526071717725365,-17.96545368923722,4906.232204778915
377.0,-47.519040215186685,-17.967447640703828,4905.996946780553
378.0,-47.512008105971006,-17.969441976603996,4905.761665042825
379.0,-47.50497545074605,-17.97143665849437,4905.526361939667
380.0,-47.49794230411273,-17.973431651775932,4905.291039607622
381.0,-47.49090871521191,-17.97542692530956,4905.055699969578
382.0,-47.4838747282703,-17.977422451070048,4904.8203447561355
383.0,-47.47684038309201,-17.979418203834708,4904.584975524835
384.0,-47.4698057155007,-17.981414160903128,4904.34959367746
385.0,-47.462770757737665,-17.983410301844927,4904.11420047562
386.0,-47.45573553882007,-17.98540660827277,4903.878797054762
387.0,-47.44870008486339,-17.987403063638048,4903.643384436786
388.0,-47.44166441937151,-17.989399653047023,4903.407963541405
389.0,-47.434628563498,-17.99139636309532,4903.172535196359
390.0,-47.427592536280976,-17.99339318171901,4902.937100146615
391.0,-47.4205563548548,-17.99539009806056,4902.701659062643
392.0,-47.41352003464036,-17.997387102348178,4902.4662125478635
393.0,-47.40648358951652,-17.999384185787253,4902.230761145361
394.0,-47.40648358951652,-17.999384185787253,4902.230761145361
395.0,-47.40546427818534,-17.997568386525778,4902.230761145361
396.0,-47.40397370563749,-17.99578323226573,4902.375737263396
397.0,-47.40158773677796,-17.99405630350839,4902.796168005701
398.0,-47.39839591123792,-17.99238177770349,4903.464507909845
399.0,-47.394478814685414,-17.99075441455578,4904.355966059648
400.0,-47.3899089742217,-17.989169497799544,4905.448230630542
401.0,-47.38475166423789,-17.987622782795636,4906.7212209804175
402.0,-47.379065631686,-17.986110449368823,4908.156864531377
403.0,-47.37290374882283,-17.984629059361392,4909.738895963313
404.0,-47.36631360067951,-17.98317551843141,4911.452676488126
405.0,-47.35933801378406,-17.981747041671127,4913.28503119653
406.0,-47.35201553201169,-17.980341122663578,4915.224102670165
407.0,-47.34438084485009,-17.978955505633486,4917.259219232508
408.0,-47.33646517283819,-17.977588160383107,4919.380776374688
409.0,-47.32829661446101,-17.976237259734468,4921.580130038723
410.0,-47.319900458355086,-17.974901159227397,4923.849500572424
411.0,-47.31129946429329,-17.973578378847737,4926.181886288828
412.0,-47.30251411607121,-17.972267586582745,4928.570985669663
413.0,-47.293562849104866,-17.970967583620958,4931.011127348485
414.0,-47.28446225526869,-17.969677291032053,4933.497207095497
415.0,-47.275227267249676,-17.96839573777874,4936.02463110388
416.0,-47.2658713244661,-17.96712204992746,4938.589264947496
417.0,-47.25640652239441,-17.965855440938014,4941.187387642822
418.0,-47.24684374696342,-17.964595202924215,4943.815650304687
419.0,-47.237192795509074,-17.9633406987885,4946.471038936436
420.0,-47.227462485633694,-17.96209135514306,4949.150840941083
421.0,-47.21766075317939,-17.960846655938866,4951.852614981336
422.0,-47.20779474040405,-17.959606136731797,4954.574163853636
423.0,-47.197870875339774,-17.958369379522136,4957.313510074778
424.0,-47.18789494321546,-17.957136008110144,4960.068873909877
425.0,-47.177872150737116,-17.955905683916054,4962.838653597537
426.0,-47.16780718394014,-17.95467810221808,4965.621407552503
427.0,-47.1577042602564,-17.953452988766603,4968.415838348044
428.0,-47.14756717537457,-17.95223009673698,4971.220778300103
429.0,-47.13739934541446,-17.95100920398702,4974.035176493027
430.0,-47.127203844883894,-17.94979011058876,4976.858087102731
431.0,-47.11698344083992,-17.948572636607032,4979.688658887535
432.0,-47.106740623633875,-17.947356620100177,4982.526125729931
433.0,-47.09647763458197,-17.946141915320712,4985.369798124159
434.0,-47.086196490868794,-17.944928391095896,4988.2190555150355
435.0,-47.075899007960466,-17.943715929370267,4991.073339402896
436.0,-47.065586819776506,-17.9425044238939,4993.932147138043
437.0,-47.05526139684448,-17.941293779041878,4996.795026335745
438.0,-47.04492406263919,-17.94008390875176,4999.66156984975
439.0,-47.034576008287964,-17.938874735567357,5002.531411248426
440.0,-47.0242183058054,-17.937666189778096,5005.404220743305
441.0,-47.013851920004626,-17.936458208644463,5008.279701524768
442.0,-47.003477719217464,-17.9352507357009,5011.157586464156
443.0,-46.993096484942555,-17.934043720128397,5014.037635145678
444.0,-46.98270892052867,-17.932837116189845,5016.919631195119
445.0,-46.97231565898971,-17.93163088272185,5019.803379875688
446.0,-46.96191727003818,-17.930424982677362,5022.688705924271
447.0,-46.95151426641534,-17.929219382714024,5025.575451604067
448.0,-46.941107109588316,-17.928014052823723,5028.4634749519555
449.0,-46.93069621487753,-17.926808965999157,5031.352648201126
450.0,-46.920281956071356,-17.92560409793375,5034.242856361452
451.0,-46.909864669579335,-17.924399426751588,5037.133995941816
452.0,-46.899444658170054,-17.923194932764346,5040.025973800216
453.0,-46.88902219433523,-17.92199059825253,5042.918706108846
454.0,-46.88902219433523,-17.92199059825253,5042.918706108846
455.0,-46.888002883004056,-17.920174798991056,5042.918706108846
456.0,-46.88604219023465,-17.918465546839155,5042.469322353977
457.0,-46.88229287273259,-17.916958734195447,5041.166109464857
458.0,-46.87693379297116,-17.91563411710911,5039.094450354911
459.0,-46.87012592717628,-17.91447347602441,5036.331189646223
460.0,-46.862014153951314,-17.913460413341177,5032.945487498664
461.0,-46.85272886403926,-17.91258017121927,5028.999588056124
462.0,-46.842387409108824,-17.91181946760255,5024.5495110481
463.0,-46.83109540566185,-17.911166348640506,5019.645674231141
464.0,-46.81894790854999,-17.910610055867668,5014.3334535861395
465.0,-46.80603046713973,-17.910140906665113,5008.6536874959
466.0,-46.79242007586091,-17.909750186675815,5002.643130504947
467.0,-46.77818602970039,-17.909430052978447,4996.334861703352
468.0,-46.76339069414634,-17.909173446943818,4989.758652272179
469.0,-46.74809019813811,-17.90897401580565,4982.941296274384
470.0,-46.732335057721116,-17.908826042074303,4975.906908366631
471.0,-46.71617073733624,-17.90872438000909,4968.677191739916
472.0,-46.69963815498027,-17.9086643984434,4961.271679266135
473.0,-46.68277413685031,-17.908641929327278,4953.7079505299935
474.0,-46.665611826523765,-17.90865322141577,4946.001827157728
475.0,-46.64818105322029,-17.90869489858841,4938.167548612952
476.0,-46.63050866323758,-17.90876392233679,4930.217930412916
477.0,-46.612618818243554,-17.90885755800333,4922.164506523145
478.0,-46.59453326373934,-17.90897334439622,4914.0176575126125
479.0,-46.57627157067597,-17.90910906644282,4905.786725893397
480.0,-46.55785135290935,-17.909262730577762,4897.480119926364
481.0,-46.53928846290981,-17.90943254259221,4889.105407046297
482.0,-46.52059716790064,-17.909616887698213,4880.669397944498
483.0,-46.5017903083828,-17.909814312586615,4872.178222243142
484.0,-46.5017903083828,-17.909814312586615,4872.178222243142
485.0,-46.500770997051625,-17.90799851332514,4872.178222243142
486.0,-46.49905195470228,-17.90657714213265,4872.478194021803
487.0,-46.49600342341843,-17.90590518427123,4873.348112179917
488.0,-46.49175835209352,-17.905907698407773,4874.730982079541
489.0,-46.486436394731655,-17.90651723734248,4876.5755085465225
490.0,-46.48014523993653,-17.907673098595538,4878.835525924126
491.0,-46.472981807451475,-17.90932064993511,4881.469485121291
492.0,-46.46503332504548,-17.911410722352546,4884.439991956058
493.0,-46.45637829771064,-17.913899063740057,4887.71339166467
494.0,-46.44708737993984,-17.916745847200637,4891.259394959741
495.0,-46.43722416077667,-17.919915228526982,4895.050741482625
496.0,-46.426845870360374,-17.923374947932512,4899.062896910542
497.0,-46.41600401581626,-17.927095971609308,4903.273780352987
498.0,-46.40474495355712,-17.931052169130247,4907.663519008508
499.0,-46.393110404354445,-17.93522002311091,4912.214227355797
500.0,-46.38113791690259,-17.93957836790533,4916.909808425678
501.0,-46.368861285026476,-17.944108154432126,4921.7357749458915
502.0,-46.35631092316853,-17.948792238518063,4926.679088371404
503.0,-46.34351420432693,-17.953615190407227,4931.728014011685
504.0,-46.330495764200045,-17.958563123319294,4936.871990645259
505.0,-46.317277774916406,-17.963623539151975,4942.101513172796
506.0,-46.303880191391684,-17.968785189613207,4947.408027004899
507.0,-46.29032097304999,-17.97403795124014,4952.783833011113
508.0,-46.276616283373016,-17.979372712916195,4958.222001974026
509.0,-46.2627806694943,-17.984781274636468,4963.716297597968
510.0,-46.248827223834006,-17.990256256396535,4969.261107216836
511.0,-46.2347677295703,-17.995791016192413,4974.8513794311375
512.0,-46.22061279156352,-18.001379576220526,4980.482567981329
513.0,-46.20637195418797,-18.007016556457646,4986.150581233823
514.0,-46.19205380738053,-18.012697114882876,4991.851736718387
515.0,-46.17766608208439,-18.018416893677404,4997.582720211815
516.0,-46.16321573614842,-18.0241719708043,5003.340548913222
517.0,-46.148709031636606,-18.029958816430327,5009.122538301808
518.0,-46.134151604406526,-18.03577425370557,5014.926272308855
519.0,-46.11954852673001,-18.041615423465107,5020.749576472519
520.0,-46.10490436365169,-18.04747975246051,5026.5904937771365
521.0,-46.09022322371177,-18.053364924768196,5032.447262908612
522.0,-46.07550880459639,-18.059268856056935,5038.318298684261
523.0,-46.0607644342231,-18.06518967042862,5044.202174439666
524.0,-46.0459931077177,-18.071125679574955,5050.097606176851
525.0,-46.03119752069339,-18.077075364018476,5056.003438297637
526.0,-46.01638009920207,-18.083037356229468,5061.918630763665
527.0,-46.001543026690435,-18.08901042543118,5067.84224754041
528.0,-45.986688268260515,-18.094993463924542,5073.773446196803
529.0,-45.971817592504145,-18.100985474780387,5079.711468544876
530.0,-45.956932591153965,-18.106985560762467,5085.655632215462
531.0,-45.94203469676936,-18.112992914358163,5091.60532307631
532.0,-45.92712519865377,-18.119006808806105,5097.559988408393
533.0,-45.91220525718029,-18.125026590021076,5103.519130764588
534.0,-45.91220525718029,-18.125026590021076,5103.519130764588
535.0,-45.91118594584911,-18.1232107907596,5103.519130764588
536.0,-45.90919280551413,-18.121552019764835,5103.18491800957
537.0,-45.90534939007192,-18.12019160247682,5102.215701020018
538.0,-45.8998407270332,-18.119099703524878,5100.674980219385
539.0,-45.892833341157626,-18.1182494710754,5098.6199059887795
540.0,-45.88447710472888,-18.117616738478144,5096.1019136711975
541.0,-45.87490690280228,-18.117179755747884,5093.167295075338
542.0,-45.864244131927606,-18.116918947897922,5089.857712829029
543.0,-45.852598048999674,-18.11681669744023,5086.210663297315
544.0,-45.84006698522381,-18.116857148635578,5082.259893208735
545.0,-45.8267394386848,-18.117026031318662,5078.0357746189775
546.0,-45.812695057658956,-18.11731050234071,5073.565642378159
547.0,-45.798005525594974,-18.117699002867827,5068.874097851388
548.0,-45.78273535759666,-18.1181811299495,5063.983282267257
549.0,-45.76694261725745,-18.11874752093028,5058.913122731503
550.0,-45.75067956181143,-18.119389749420254,5053.681553639289
551.0,-45.733993222769286,-18.120100231668502,5048.30471594626
552.0,-45.716925928490625,-18.1208721422992,5042.797136512498
553.0,-45.699515774499105,-18.121699338474098,5037.171889512075
554.0,-45.68179704676601,-18.12257629163878,5031.440741701659
555.0,-45.66380060266549,-18.123498026094264,5025.614283162249
556.0,-45.645554213834295,-18.12446006371147,5019.702044966743
557.0,-45.62708287474549,-18.12545837417423,5013.712605080753
558.0,-45.608409080424835,-18.126489330197984,5007.653683673325
559.0,-45.58955307639552,-18.127549667226635,5001.532228896604
560.0,-45.570533083628405,-18.128636447159693,4995.354494087519
561.0,-45.55136550099727,-18.129747025706717,4989.126107249306
562.0,-45.532065087488526,-18.13087902300631,4982.852133584879
563.0,-45.51264512618992,-18.132030297183217,4976.537131776858
564.0,-45.493117571880454,-18.133198920549706,4970.185204639603
565.0,-45.4734931838612,-18.134383158186818,4963.800044706038
566.0,-45.45378164550315,-18.13558144866749,4957.384975255793
567.0,-45.43399167184017,-18.136792386707366,4950.942987240535
568.0,-45.414131106402756,-18.13801470755053,4944.476772516769
569.0,-45.39420700836836,-18.139247272916645,4937.988753755343
570.0,-45.37422573099668,-18.14048905835342,4931.4811113600235
571.0,-45.35419299222143,-18.14173914185379,4924.955807694199
572.0,-45.33411393818298,-18.142996693611398,4918.414608884922
573.0,-45.33411393818298,-18.142996693611398,4918.414608884922
574.0,-45.3330946268518,-18.141180894349922,4918.414608884922
575.0,-45.330763262121266,-18.13955332054441,4918.534637361997
576.0,-45.32593899593195,-18.13828337510523,4918.882719945514
577.0,-45.318871118429726,-18.13733529519575,4919.436051224829
578.0,-45.309783990745885,-18.136676894262997,4920.174106330362
579.0,-45.29887953789859,-18.1362792044093,4921.07841287949
580.0,-45.286339492404196,-18.136116154526746,4922.132345727857
581.0,-45.2723274135274,-18.13616428061823,4923.320942245536
582.0,-45.25699050460645,-18.136402465086345,4924.630736065596
583.0,-45.24046124864576,-18.13681170209343,4926.0496074577995
584.0,-45.2228588803493,-18.137374886385583,4927.5666486649325
585.0,-45.204290710950644,-18.1380766232343,4929.1720427055025
586.0,-45.18485332056002,-18.138903057383928,4930.856954296164
587.0,-45.16463363127662,-18.13984171910437,4932.61343168191
588.0,-45.143709872989724,-18.140881385638547,4934.434318283231
589.0,-45.122152452599686,-18.142011956505087,4936.313173178569
590.0,-45.10002473631681,-18.143224341270752,4938.2441995385225
591.0,-45.07738375373039,-18.14451035854563,4940.2221802166305
592.0,-45.05428083147077,-18.1458626450788,4942.242419781078
593.0,-45.03076216350528,-18.147274573944433,4944.3006923432295
594.0,-45.0068693244045,-18.148740180909282,4946.393194603315
595.0,-44.98263973128196,-18.150254098163426,4948.5165035915425
596.0,-44.958107059539834,-18.151811494677933,4950.667538635096
597.0,-44.93330161704009,-18.15340802252677,4952.843527128445
598.0,-44.90825068085848,-18.1550397685765,4955.041973726608
599.0,-44.8829788003632,-18.156703211007038,4957.260632619104
600.0,-44.857508069985606,-18.158395180180303,4959.4974825765
601.0,-44.83185837471394,-18.16011282342202,4961.750704492307
602.0,-44.83185837471394,-18.16011282342202,4961.750704492307
603.0,-44.83083906338276,-18.158297024160543,4961.750704492307
604.0,-44.82898967252073,-18.15680814051087,4961.941859991857
605.0,-44.82556313055007,-18.155940396523608,4962.496210940552
606.0,-44.82071715258166,-18.155631678232524,4963.377437793479
607.0,-44.81459368221526,-18.155826083067996,4964.5528529602125
608.0,-44.807320468690676,-18.15647329871737,4965.9930376093735
609.0,-44.799012486323726,-18.157528044099255,4967.671514792719
610.0,-44.78977321199865,-18.1589495662404,4969.564455256829
611.0,-44.779695774911254,-18.160701187464877,4971.65041267363
612.0,-44.768863991337774,-18.162749897864355,4973.910085347849
613.0,-44.75735329592681,-18.165065988521334,4976.326101753748
614.0,-44.74523157986212,-18.167622721410066,4978.882827518157
615.0,-44.732559945209076,-18.170396032307373,4981.566191705226
616.0,-44.719393383826514,-18.1733642634124,4984.363530472688
617.0,-44.70578138838738,-18.17650792270437,4987.263446362504
618.0,-44.691768502297336,-18.179809467364592,4990.255681662438
619.0,-44.67739481462147,-18.183253108856242,4993.331004431479
620.0,-44.66269640551837,-18.186824637496173,4996.481105922717
621.0,-44.64770574713075,-18.19051126456956,4999.698508263931
622.0,-44.63245206438707,-18.194301480233058,5002.976481370124
623.0,-44.616961659722925,-18.198184925627654,5006.308968164798
624.0,-44.601258205330375,-18.20215227778024,5009.690517279105
625.0,-44.585363006182256,-18.206195146015016,5013.116222481081
626.0,-44.56929523675412,-18.210305978723763,5016.581668161961
627.0,-44.55307215407398,-18.214477979459083,5020.082880273852
628.0,-44.53670928946703,-18.21870503141832,5023.616282173654
629.0,-44.520220621125944,-18.222981629479083,5027.178654882578
630.0,-44.50361872942414,-18.227302819031216,5030.767101319708
631.0,-44.486914936697694,-18.231664140925584,5034.379014112226
632.0,-44.47011943304907,-18.236061581927967,5038.012046624593
633.0,-44.45324138957048,-18.24049153012756,5041.664086884823
634.0,-44.436289060244924,-18.244950734804643,5045.33323411813
635.0,-44.4192698736571,-18.249436270311467,5049.017777627208
636.0,-44.402190515533235,-18.253945503565056,5052.716177784477
637.0,-44.38505700302693,-18.258476064790734,5056.427048925119
638.0,-44.36787475157643,-18.26302582119129,5060.149143950798
639.0,-44.350648635076155,-18.267592853249244,5063.881340473009
640.0,-44.33338304003108,-18.27217543339885,5067.6226283421
641.0,-44.31608191429569,-18.276772006830942,5071.372098423381
642.0,-44.31608191429569,-18.276772006830942,5071.372098423381
643.0,-44.31506260296451,-18.274956207569467,5071.372098423381
644.0,-44.31380348013371,-18.27330254291154,5071.325243747884
645.0,-44.31084989324301,-18.2720668419151,5071.129990955924
646.0,-44.30513246648779,-18.271317216128747,5070.741805626131
647.0,-44.29692758385451,-18.27100505803147,5070.179981012289
648.0,-44.286483990930975,-18.27108662085436,5069.461881042802
649.0,-44.27402555874621,-18.2715225325054,5068.603133253235
650.0,-44.259753771226336,-18.27227735810178,5067.617802425595
651.0,-44.243849963904864,-18.273319206248956,5066.518546863692
652.0,-44.22647733876195,-18.27461937469186,5065.316759040949
653.0,-44.207782777579745,-18.276152031400912,5064.022692183452
654.0,-44.18789847396217,-18.2778939275495,5062.645574194677
655.0,-44.166943402152775,-18.279824139193668,5061.193710187749
656.0,-44.14502463897073,-18.28192383478386,5059.674574764485
657.0,-44.1222385535533,-18.284176065925475,5058.09489506652
658.0,-44.09867187812403,-18.286565579063367,5056.460725521321
659.0,-44.074402671684105,-18.28907864599791,5054.777515113614
660.0,-44.049501187334585,-18.29170291134944,5053.050167929648
661.0,-44.02403065286643,-18.294427255276254,5051.28309764705
662.0,-43.998047973291506,-18.29724166992083,5049.480276575684
663.0,-43.97160436312049,-18.300137148211387,5047.645279794425
664.0,-43.94474591541299,-18.303105583783328,5045.781324874263
665.0,-43.91751411392265,-18.306139680908515,5043.891307629089
666.0,-43.88994629402776,-18.309232873431625,5041.977834291403
667.0,-43.86207605756877,-18.312379251812864,5040.043250470458
668.0,-43.8339336462021,-18.31557349746642,5038.089667214578
669.0,-43.80554627741851,-18.31881082366506,5036.118984467257
670.0,-43.80554627741851,-18.31881082366506,5036.118984467257
671.0,-43.80452696608733,-18.316995024403585,5036.118984467257
672.0,-43.80341349523974,-18.315180249331338,5036.398319366103
673.0,-43.80133591641393,-18.313525329432466,5037.236772082124
674.0,-43.7976054355107,-18.31217218840348,5038.606812342968
675.0,-43.79238734273778,-18.311090648357393,5040.455281394153
676.0,-43.785830399282155,-18.310253549195913,5042.734336356645
677.0,-43.77806849021208,-18.30963644683058,5045.400918639314
678.0,-43.769222112089004,-18.309217341581782,5048.416275510142
679.0,-43.75939971181823,-18.30897643373786,5051.745529510314
680.0,-43.74869889161453,-18.308895903558334,5055.357290926892
681.0,-43.737207493471196,-18.30895971327676,5059.223309018239
682.0,-43.72500457518218,-18.309153428903343,5063.3181581168765
683.0,-43.71216128876207,-18.309464059847265,5067.618955122076
684.0,-43.69874167102396,-18.309879914576797,5072.105105243181
685.0,-43.68480335509965,-18.310390470713376,5076.758073168602
686.0,-43.670398210807775,-18.310986258116294,5081.561177117906
687.0,-43.65557292098508,-18.31165875365892,5086.499403488705
688.0,-43.64036950018465,-18.312400286527286,5091.55924003885
689.0,-43.62482576150425,-18.313203952988815,5096.728525750406
690.0,-43.608975736731885,-18.314063539684188,5101.9963157072325
691.0,-43.59285005447675,-18.314973454590024,5107.352759484801
692.0,-43.57647628048712,-18.315928664885277,5112.78899170104
693.0,-43.55987922393645,-18.316924641031004,5118.297033512079
694.0,-43.54308121308084,-18.317957306442157,5123.869703958441
695.0,-43.526102343350786,-18.319022992192195,5129.500540176592
696.0,-43.50896070063373,-18.320118396247228,5135.183725589354
697.0,-43.49167256222837,-18.321240546776757,5140.914025277265
698.0,-43.474252577703545,-18.322386769133335,5146.68672781281
699.0,-43.456713931671196,-18.323554656134252,5152.497592911227
700.0,-43.439068490282075,-18.32474204131508,5158.342804316228
701.0,-43.439068490282075,-18.32474204131508,5158.342804316228
702.0,-43.4380491789509,-18.322926242053605,5158.342804316228
703.0,-43.43610840669019,-18.321337839144146,5158.140909419319
704.0,-43.43241685866337,-18.32018148930352,5157.555414218281
705.0,-43.42714961244706,-18.319413987224838,5156.624678743528
706.0,-43.4204642378602,-18.31899644813191,5155.383227022432
707.0,-43.41250254773985,-18.318893875726157,5153.862130679626
708.0,-43.403392173639354,-18.319074773338865,5152.089354177281
709.0,-43.393247983956726,-18.31951079396819,5150.090065531352
710.0,-43.382173360250185,-18.320176425312464,5147.886915956197
711.0,-43.37026134592212,-18.321048706300196,5145.5002915447385
712.0,-43.35759568003468,-18.32210697196704,5142.948539780607
713.0,-43.3442517277438,-18.323332623845086,5140.24817339907
714.0,-43.33029731768983,-18.32470892331321,5137.414053861867
715.0,-43.31579349564908,-18.326220805612408,5134.459556484566
716.0,-43.30079520282023,-18.32785471245957,5131.396719051176
717.0,-43.285351886282086,-18.3295984413999,5128.236375567305
718.0,-43.26950804840558,-18.33144101022408,5124.988276638002
719.0,-43.25330374132454,-18.333372534943727,5121.661197807812
720.0,-43.23677501195942,-18.335384119969294,5118.26303706682
721.0,-43.21995430253864,-18.33746775927019,5114.800902606109
722.0,-43.202870811067754,-18.33961624741888,5111.2811917976505
723.0,-43.18555081575178,-18.341823099530586,5107.709662276217
724.0,-43.16801796697523,-18.344082479209007,5104.09149591311
725.0,-43.15029355008415,-18.34638913369747,5100.431356392493
726.0,-43.132396721890004,-18.348738335514973,5096.73344103012
727.0,-43.11434472352309,-18.35112582992861,5093.001527410164
728.0,-43.09615307200069,-18.353547787678764,5089.239015358386
729.0,-43.07783573263835,-18.35600076243179,5085.448964717966
730.0,-43.05940527422006,-18.3584816524874,5081.634129347769
731.0,-43.040873008651424,-18.36098766631533,5077.796987720772
732.0,-43.02224911664747,-18.363516291538353,5073.939770462656
733.0,-43.00354276085174,-18.366065267016957,5070.064485136533
734.0,-42.9847621876434,-18.368632557725586,5066.1729385492035
735.0,-42.965914818763714,-18.371216332141238,5062.266756826788
736.0,-42.947007333779815,-18.373814941893208,5058.347403482795
737.0,-42.92804574430213,-18.376426903447864,5054.416195679382
738.0,-42.90903546078004,-18.37905088162494,5050.474318862492
739.0,-42.88998135261797,-18.381685674762196,5046.52283993347
740.0,-42.87088780227994,-18.384330201363607,5042.562719103533
741.0,-42.851758753983525,-18.386983488082763,5038.59482056277
742.0,-42.832597757524574,-18.389644658907887,5034.619922082265
743.0,-42.81340800771934,-18.392312925428385,5030.63872365599
744.0,-42.79419237990245,-18.394987578074716,5026.6518552785255
745.0,-42.77495346187507,-18.3976679782343,5022.659883944987
746.0,-42.75569358265825,-18.40035355115581,5018.663319950983
747.0,-42.75569358265825,-18.40035355115581,5018.663319950983
748.0,-42.754674271327076,-18.398537751894334,5018.663319950983
749.0,-42.75289092082728,-18.39675208897046,5018.510746928017
750.0,-42.7496558959071,-18.395023685088024,5018.068285161415
751.0,-42.74511436400858,-18.393346814342884,5017.364923525539
752.0,-42.73939697582955,-18.39171632342131,5016.426752007318
753.0,-42.73262131699806,-18.390127574340944,5015.277251594987
754.0,-42.72489321457937,-18.388576392917667,5013.937555177956
755.0,-42.71630791293218,-18.387059022385767,5012.426682356695
756.0,-42.70695113197935,-18.385572081656107,5010.761750771627
757.0,-42.696900019651444,-18.384112527748467,5008.958166299134
758.0,-42.68622400908597,-18.38267762198064,5007.029794227957
759.0,-42.67498559010668,-18.38126489953865,5004.989113317964
760.0,-42.66324100355496,-18.37987214208991,5002.847354453038
761.0,-42.651040866188055,-18.378497353135092,5000.614625428671
762.0,-42.63843073308748,-18.377138735824808,4998.300023260808
763.0,-42.625451603826605,-18.375794672994605,4995.9117352637995
764.0,-42.61214037802145,-18.374463709196473,4993.457130020558
765.0,-42.59853026532645,-18.373144534527206,4990.942839255708
766.0,-42.584651154430595,-18.371835970073917,4988.374831521411
767.0,-42.570529945153964,-18.37053695481501,4985.75847851461
768.0,-42.55619084733464,-18.369246533831042,4983.098614762556
769.0,-42.541655649826886,-18.367963847694522,4980.399591339774
770.0,-42.526943962599546,-18.366688122920706,4977.665324213339
771.0,-42.51207343462458,-18.365418663373323,4974.8993377536135
772.0,-42.49705994997675,-18.36415484252973,4972.104803893928
773.0,-42.481917804323345,-18.362896096519545,4969.284577374277
774.0,-42.46665986376492,-18.361641917859433,4966.44122746066
775.0,-42.45129770779197,-18.360391849814384,4963.577066492471
776.0,-42.435841757945965,-18.35914548132289,4960.694175575168
777.0,-42.420301393614196,-18.357902442429598,4957.794427703662
778.0,-42.40468505624524,-18.356662400174685,4954.879508573375
779.0,-42.389000343142825,-18.355425054894315,4951.950935310183
780.0,-42.37325409188029,-18.354190136891035,4949.010073327377
781.0,-42.35745245627365,-18.35295740343713,4946.058151496919
782.0,-42.34160097475731,-18.351726636077668,4943.096275803574
783.0,-42.32570463192225,-18.350497638203205,4940.1254416336305
784.0,-42.30976791390033,-18.349270232865237,4937.146544834749
785.0,-42.29379485821025,-18.34804426081012,4934.160391669822
786.0,-42.27778909861881,-18.346819578709564,4931.167707775455
787.0,-42.26175390551616,-18.345596057568116,4928.169146224592
788.0,-42.24569222225341,-18.344373581289865,4925.1652947828825
789.0,-42.24569222225341,-18.344373581289865,4925.1652947828825
790.0,-42.24467291092223,-18.34255778202839,4925.1652947828825
791.0,-42.24350077852425,-18.341110473232693,4925.151609716123
792.0,-42.24068527700641,-18.34056590530096,4925.095372048895
793.0,-42.23503773418778,-18.341036413125774,4924.984286067623
794.0,-42.22684135419843,-18.342420489131484,4924.823836603709
795.0,-42.21635102075543,-18.344626776499997,4924.61896000542
796.0,-42.20379612920416,-18.347573054095033,4924.374098986193
797.0,-42.18938313535543,-18.351185322893944,4924.09325198812
798.0,-42.17329784943899,-18.355396983776338,4923.780017609086
799.0,-42.15570750066161,-18.36014809753387,4923.437634587188
800.0,-42.1367625953094,-18.36538471887902,4923.069017786713
801.0,-42.116598589039825,-18.371058297053033,4922.676790585517
802.0,-42.095337391944625,-18.37712513637302,4922.263314023673
803.0,-42.073088723106366,-18.383545910724386,4921.830713037245
804.0,-42.049951329699354,-18.39028522660399,4921.380900068692
805.0,-42.02601408418046,-18.397311229859007,4920.9155963162275
806.0,-42.00135697176088,-18.4045952517519,4920.436350858242
807.0,-41.97605197913067,-18.41211149041888,4919.944557865287
808.0,-41.95016389431091,-18.419836724182538,4919.44147209086
809.0,-41.92375102652054,-18.427750053533206,4918.928222813107
810.0,-41.89686585405663,-18.43583266891218,4918.405826382363
811.0,-41.86955560738653,-18.444067641716632,4917.875197513925
812.0,-41.84186279393086,-18.452439736204017,4917.337159451563
813.0,-41.813825670368175,-18.460935240206037,4916.79245311467
814.0,-41.78547866770918,-18.469541812771233,4916.241745330698
815.0,-41.7568527738635,-18.478248347043284,4915.685636244356
816.0,-41.72797587794981,-18.487044846851504,4915.12466598588
817.0,-41.72797587794981,-18.487044846851504,4915.12466598588
818.0,-41.72695656661863,-18.48522904759003,4915.12466598588
819.0,-41.72501664946893,-18.4835650936236,4915.077507013597
820.0,-41.72132758126401,-18.482189645717757,4914.940745993974
821.0,-41.71606427710941,-18.48107385326644,4914.723343131745
822.0,-41.709384160600095,-18.4801917507242,4914.433362611172
823.0,-41.70142891297153,-18.47951996910012,4914.078062198088
824.0,-41.69232604733564,-18.479037476302395,4913.663973881746
825.0,-41.68219032549317,-18.47872534344838,4913.196976452469
826.0,-41.67112503306476,-18.478566534543713,4912.682360821553
827.0,-41.659223127109016,-18.47854571719345,4912.12488880916
828.0,-41.64656826897867,-18.47864909224216,4911.52884605344
829.0,-41.63323575389118,-18.47886424044994,4910.898089628724
830.0,-41.61929334754226,-18.479179984500885,4910.236090901913
831.0,-41.60480203905806,-18.479586264810678,4909.545974103214
832.0,-41.589816718652095,-18.48007402775343,4908.830551039817
833.0,-41.57438678751655,-18.480635125065852,4908.092352338192
834.0,-41.55855670672439,-18.481262223310974,4907.333655562162
835.0,-41.54236649124126,-18.481948722395526,4906.556510519167
836.0,-41.52585215453627,-18.482688682235565,4905.762762035904
837.0,-41.509046108731596,-18.483476756755543,4904.954070456401
838.0,-41.491977524737216,-18.484308134487463,4904.13193009028
839.0,-41.47467265637209,-18.485178485110133,4903.297685816203
840.0,-41.457155132073304,-18.48608391133448,4902.452548024966
841.0,-41.43944621743422,-18.487020905600332,4901.597606068285
842.0,-41.42156505148886,-18.48798631110354,4900.7338403627045
843.0,-41.40352885936787,-18.48897728672037,4899.862133283114
844.0,-41.38535314368879,-18.48999127543946,4898.983278966916
845.0,-41.36705185680744,-18.491025975950585,4898.097992137769
846.0,-41.34863755584406,-18.492079317074538,4897.206916046971
847.0,-41.33012154220683,-18.493149434750038,4896.310629620683
848.0,-41.31151398716315,-18.49423465132193,4895.409653892458
849.0,-41.29282404485366,-18.495333456900575,4894.504457792486
850.0,-41.27405995400494,-18.496444492585297,4893.595463357944
851.0,-41.25522912947091,-18.49756653536549,4892.683050422289
852.0,-41.236338244620114,-18.498698484531605,4891.767560835632
853.0,-41.217393305484215,-18.49983934944505,4890.849302263073
854.0,-41.217393305484215,-18.49983934944505,4890.849302263073
855.0,-41.21637399415304,-18.498023550183575,4890.849302263073
856.0,-41.21427550850679,-18.496378903486626,4891.012112984704
857.0,-41.210126591661904,-18.495059446662275,4891.484264077432
858.0,-41.20413228673825,-18.49403266072326,4892.234821504149
859.0,-41.196477132543706,-18.493269278581046,4893.235944631457
860.0,-41.18732721400536,-18.492742959855956,4894.462576889294
861.0,-41.176832007557586,-18.492429998206276,4895.892167364608
862.0,-41.165126041991336,-18.492309057924466,4897.504420235652
863.0,-41.15233039321845,-18.492360936873737,4899.281069262854
864.0,-41.13855402955959,-18.492568353130984,4901.205674830596
865.0,-41.12389502250336,-18.492915752965406,4903.263441284826
866.0,-41.1084416363895,-18.493389138019285,4905.441052536893
867.0,-41.09227330912376,-18.49397590977068,4907.726524107015
868.0,-41.07546153482134,-18.494664729549836,4910.109069963387
869.0,-41.058070658185905,-18.49544539255398,4912.578982677382
870.0,-41.040158589450755,-18.496308714460607,4915.127525563239
871.0,-41.02177744782586,-18.497246429379476,4917.746835603772
872.0,-41.002974140600195,-18.49825109800936,4920.429836083512
873.0,-40.983790884333835,-18.499316024979155,4923.17015795854
874.0,-40.96426567393085,-18.500435184454872,4925.962069089325
875.0,-40.94443270480492,-18.50160315318592,4928.800410550294
876.0,-40.92432275282831,-18.502815050246763,4931.680539308427
877.0,-40.903963516286105,-18.504066482804422,4934.5982766340085
878.0,-40.88337992363486,-18.50535349730922,4937.549861670293
879.0,-40.862594410485485,-18.506672535566437,4940.53190964621
880.0,-40.84162716888779,-18.508020395200834,4943.5413742677965
881.0,-40.82049637168661,-18.509394194074694,4946.575513870485
882.0,-40.79921837444228,-18.51079133826407,4949.631860956167
883.0,-40.777807897159136,-18.512209493237407,4952.708194776542
884.0,-40.75627818784104,-18.513646557916314,4955.80251665814
885.0,-40.7346411696915,-18.51510064133023,4958.91302779484
886.0,-40.712907573593654,-18.516570041605654,4962.038109261131
887.0,-40.69108705734234,-18.518053227056438,4965.176304024053
